701b94df8c2b482e93ce8ed51c8240a9,
1a40085eaedf497ab0ba2e64480f84ef,http://en.wikipedia.org/wiki/Elizabeth_Coulson
c5ec21d93d1b41e8b08a724a9fdd0b11,
ca1316767c4d4ab395236dbf2b7ae67d,
4d752fb011f74622805ef5cdb3b15a83,http://en.wikipedia.org/wiki/Trane
13c76e6774b64d1ba6be7a277074e71e,
5d088d8f2b5f4e12a59e7d5e1136ec9c,
12f3b1fadf754bcb838408301cd501ea,
b921c8dba655421ca6d7b6e2a1e6c612,
a800f5075e344ac78620600947d117dd,
321fd6d815474c42b4536c8bf7773f70,
9eb599a65c424e14b8b7230d029533f9,http://en.wikipedia.org/wiki/Patrick_O%27Malley_%28American_politician%29
3a5adb235fb84852b6dd3b8b09f46f56,
d2714de52c8844908f006c500161ed86,
5e41543c3fcd42ab86a0f83f4e11c60a,
8ec9bc073e90416bba82ccd95af7926f,http://en.wikipedia.org/wiki/Allyson_Schwartz
520efd81fded43a6ae84c0a3aa26ce2a,
956fa484579049dc8f4b7be8541f6edb,
03f00c1595da4b0980af601632833029,
04fab67a5285485cbf2859f195a017fb,
223836e8cfd44143846cac57db56fb3d,
53b1d25ed0c8444f9c37871998c7dd47,
312aada038c44a1e8e8cc40934a94d5d,
e0daa72e907f4226af5fdf9b60dd2506,
5d981a7444a74c9c9729bd951c565ebf,http://en.wikipedia.org/wiki/Mike_Brubaker
1100a0d67890436ab7d69bd0ac60ed21,
d424028db7734424a20af030e23a20d7,
e7903ca734b540c89441ac78e9926b0e,
8bd9a90e6b05491c97b28e7c3c6774ef,
42c95312b6224474a82ecf36a9e77fa0,
7717c419648e4764879cdb2e60a39853,
afd79a9c52904a70a86ae1a2725a20e2,
2809a92d86c6420582d9661af1a9f4b4,
d8f80cb960724a11be9f542ac5b17459,
959037bee28240c4ad0bcbb858997008,
ac9df713a2a74e829bbb59af3c066233,
61b026b45aa44fc8ab1e944f4f62f8bf,
dd9105d7835d45caadb8770ef0726db3,
eec28f607f404c51a6bbda80081ff1e9,
db6c414ce9354fdcb2796386004cd784,
6af0e9775dac44408f487b1b7d05ea05,
75dd2c758d6f4ed2a15b09c29db52a51,
70760e34ec404c618ef546f5ddb5672f,
15bd8b82661a46b99f9c8d8b29288980,
6fc1e7d8c1cd4c1885aa1555a3e7f481,
cf5c73f3309a4d69a1922092bd08479d,
2452fb5baa1845f783a6467253d66c79,
d6758f15356c44449eb1d18c74833612,http://en.wikipedia.org/wiki/Log_Cabin_Republicans
fd92a779d70f4215b2f3cd1632b36759,
f160a78ffa9144c7bcc0dbea34f5d428,
54ef64bd6c534bfe9b41093ec5768374,
e5c02f16478f4840ac6af7e7774cdf8e,
74fb2c7b8a9540c5b36821f1ecd2b97c,http://en.wikipedia.org/wiki/Association_of_Science-Technology_Centers
50d528a8e4b94d42b025c3139a46ba65,
33a89bfef7554c9ca9a52116ec5bb0ce,http://en.wikipedia.org/wiki/Ted_Strickland
8775b5df48854cc185589dbfe6efb33a,
894531cac12f4d9f9f7991ebc6d0cbff,
366aada6f0e84b6c8623059f5b4fb3d5,http://en.wikipedia.org/wiki/Byron_Georgiou
d68b3bbb66aa4117953967d93500090b,
c47fdf8e58f64defb09cb5f3961daa4e,
38796fcaea9f4e41a951b8ce06b92f8d,
2a7c5f9cd2a74b0f907117a5c9eb2bb2,http://en.wikipedia.org/wiki/FirstLine_Transportation_Security%2C_Inc.
4c1ed5c0fda642f283455d3a40e055ef,
df25671aedcd40a9a857231faae516d0,
ae45cd4f958a4cbeb8a1ab4dcc506689,
1f5ea4a023554136aacbdb9bba7834ac,
64484de778304592b3e246d62be7cfab,
c06cdcf5ab1142be90e53308e8336a5f,
d217c11daa3b4010a65cea6749433c99,http://en.wikipedia.org/wiki/United_States_Department_of_State
3af305e9fefd49548605233e65409c6f,
9756372fed074a549bb09291dc8ae02c,
6a8fd9effdd54dae8e81498758ec79e9,
5d7d4fa991f04dc2b383ab858a5f0812,
937a01b9e9d644fca63febee242bb671,http://en.wikipedia.org/wiki/McCormick_Taylor%2C_Inc.
f2f2a8349564446f9dc2ec0ccdf16cad,
a07ab7f146b7487cb59d120d11bd7cd4,
415417913d8e4e5db98afa821512d8fd,
fd06badb295540dd87d3607284e42fbc,
19b95c59592a4566a087474409c59cd0,
7748de5c51df47dea065ddfc9304a69a,
1a5ed59da4984758818171a27aec10ee,
02cf48f805964778b040ffbbb31e6647,
fd4ba52c908b404d83cdd18d59cbc713,http://en.wikipedia.org/wiki/Floyd_Nease_%28politician%29
c9b96ab6ec2c48c8bf725c1fcb1ade9d,
85200aef2a99440e98d826f67a2c5275,
a519bfa0358b422bbafe55454b3003f8,
0f23ddc58b68464798ff1b63809fc740,
0b24388f87cc4dd2b055e0c561e97599,
9b3e40a3bef348fe9677921dce00f229,
c5c970b00d834b10acfbfc4cb202ccd0,
1104a45ba6844e8fb20dffd084fee065,http://en.wikipedia.org/wiki/North_Carolina_State_University
590974c1238940ba95af472b9ebb00cd,
ba54ce196fbd4ffbaab3044156dd9e33,
95dc22e702fd47619f1b323065284b60,
26c16d5163e6409cb6aef898a58b9d42,
70982d02ffbe4888b41d6ea51223b43e,
d9e929a038d34a33973f5de42814fe56,
460ea72bd3a147c59f61e79d0bcee7cd,
87b477c53a6f4dbcad025bdedc8bb318,http://en.wikipedia.org/wiki/Gregory_Meeks
539aeb18091e471d845ac81cc679bc81,
54b3e0a9543f4faab187eb92547b18ee,
769b93b574ca406da9aab9f2b62be034,
487ad1467c134fe6bdcc7eaeaa6be36e,
79a3a02e32ca466eacdaba73831fb048,
dd9a07db29ff46b090c058e0ec69478c,
71474398c56b4c7ba4bf63ca6b6f28b2,
dd5d12ae5b104f75a202a9612b3bc3b4,
a1a61163c5044ed2bfd9a1d1c9bc755c,
3fffa5dd86e04fe3a49af4829704fc41,
2fe748e6c179462a9d27419690bde06c,
5eaa992b18754fc99affcb6b8e1b48c2,
c6ac034c82fd4b0e865647a1b5546675,
cb6650331d7e4ffaa47642adda171e11,
243c58036fd64612a965ab75e80f409b,http://en.wikipedia.org/wiki/Playboy_Enterprises
28865711a90f4951a369d0e6b9be5b2b,http://en.wikipedia.org/wiki/ARCO
720cde4196214378ba322d76bdcc1931,
691b867b6f184754ad7f39b519313608,http://en.wikipedia.org/wiki/Lucent_Technologies
54a218a012894d7385dda6b1ef4bc6ae,http://en.wikipedia.org/wiki/Winston_%26_Strawn
262cea0f6b044e1d934a5c4df8beb4e4,
e2005f38dcdd46eeb11b79fb3a96c72b,
c360d0a75fa0408d8455e5b270879d32,
f8c3215c488b49708dc189c8721288a2,
b7cd5b4872d44b788429b3a9c2c13189,
6ff220f24cd24a2bbb7236b2c7f57b5a,
d4ea6c1f36454958b9207af72526818e,
5120405f6e7b44d9bb59307f782b7117,
7e4ee086b248453488a758b40bece1dd,http://en.wikipedia.org/wiki/Jared_Huffman
9a37510b1137444cad28b88e50595d0e,
4d0cf4ee26d74284b0c32707d75394c4,
330bc8f6d7b84e8da165675cea235dcd,http://en.wikipedia.org/wiki/Trident_Seafoods
3a5d13162da34c5793a2ed89e85ce089,
e37f0b9b75f645f88b1067bb7c811eac,
8ed393f91017468ba34c0496319ca3ba,http://en.wikipedia.org/wiki/Chronicle_Books
955f73f3e92c4f20b373b222ad8a5a6c,
25468a10969b4fc0b779bbdbdfe56b9a,
779e5248af2b4374b2f8d7be401cf1c4,
b0b86f5510234b7ca7a25e9b04a2481c,
e41e3b4c519a48e2bcc9037460ef0485,
b027f4a1418e40dfbb6cb849b9a14fe2,
28c2757ac6f74f29b9f02ad35eede75a,
1446176b5e4743c88ba2dae23fee75af,
4ad80f0d80d34f7d8af22dd84bd7bdda,
8347c291ade941a98821d552cc4660aa,http://en.wikipedia.org/wiki/Ron_Marlenee
d22ecb3972c84ca0abec6b2cc2686218,
64afce5820b44114a117b6a34c15b0f3,http://en.wikipedia.org/wiki/Bank_One_Corporation
e7e8bea298f64f38810a462d18d3e18f,
1a4a9ca7f74b4d6fb923f582e9c6e2bc,
de87a88a3cf2420290c26524291055a1,
70defe235b5d44508f8c5bf72cc06e98,
66ffd78b2b5b46a3801e4a8cd29fcc3a,
fb0c8460a248476093224eb3853a2e28,
2b8185f2fbaf4e6f8584fd7c43593c40,
308264ecbd7747e7bb5e3947e622bbd9,http://en.wikipedia.org/wiki/Kimco_Realty_Corporation
ca3e21845ce842528a92fe4c7d8f726d,
10f39a21b2fe4d1a942e6853b68a05f8,
7d68025d541f40cfbf707f419350c172,
42b5be37e18d457f85199d938db1fbfb,
bd54a2ac478944a097d8b64a0f09d0e0,http://en.wikipedia.org/wiki/Toby_Ann_Stavisky
93e3615688624886b72e5ad3bae0b025,
440e558a25374668bec0bf26b08a83cd,
24bfc2a64dda49cfbfe25c1da3dd69be,
452c1b4e94e3403682c2972303a22e12,http://en.wikipedia.org/wiki/Todd_Rokita
4dc6cb47422c49cdbd36fb824124b645,http://en.wikipedia.org/wiki/Henry_Cuellar
c256e51f7afc4ac7a059a3df13c92d2d,
1f99f24197ce4a95bb1885fc230cbc3d,
fd93bffbd7c340dfbbf02d85c5901caf,
5b51a0a9598944d4ab7ed767f90eb385,
a9546e40745d497fa2bf198df54cd9ab,
b0e0799dc08a4f0289c53fc4771192db,
bd7e05091e8e41e2ad0d27143d5d958d,
893ce50bf84c4681b8d459f98081aa0e,
596ebd38184a4ee0b83774b6c9578d9c,
204204936ba648ed820409cc9be64274,
664ea1d046554202adb21bf6f47bd46d,
1f9fdad9bec0450a9cda1c1ce347a876,
68162703a3334fa9abac4f6a839455a5,
f5d31d77bb064b27b80c3e433bbcaed6,
f92adb4e8b7e48cd9c930f35885aaf2f,
51b63992bdc94a3289746dcf4caa3c8c,
43edd6b153ab41ba9d0d1e6a2c84e11c,
5b05ca9080cc4e0fb40d62f0f885cfa5,
8d97eb2fc22343ac8711d630ae7a320b,
56148e43cfe64b0fb074953b14bed6aa,
e8be05a7949b436894786336816f0639,
d9ce9e8512aa4b3689ee09c07e501a93,
4bc99452df4c48f1934040338d9150f8,http://en.wikipedia.org/wiki/Curt_Hagman
735eeabbe1324c7e9cfd87e08b4f5b2a,
e5d632d444ca4a2e8e7d98583c0c89eb,
33e9ed1e0d184fd5a4196ad9af1e21dd,
f541daea88ba4c0883fe0f67047cd249,
688fa90db59f44e69be1662ba6566b32,
282589cd74864c579288e95d6fb5c481,http://en.wikipedia.org/wiki/Wayne_DeAngelo
cb087a236ec04221b91f083d14bba98b,
1bdf44608c4e44c7a0c4d737dc6409fa,
e3213e516f8f4a2db6f0c1110dd42b29,
c133d129ad034dc3a001028604d218f7,http://en.wikipedia.org/wiki/Pat_Sullivan_%28politician%29
282e85f3039d4a52adecf5605cf607e2,
5c74de4c150b47b2be50c9ca110445d7,
c02121761da04917aa1c41cdeff702fa,
343ca6b5dba347719dbc51c9b7090713,
896b7520d53b44b7b7bdf8f936368fb8,
f3899f8ca26146aa9ebc170ad6eaf36b,
19b7a14154e340dab5cbd514b457a0e1,
c44e7d5daad34f38b64adc806dcf10aa,
2c7dd9e06ee04a72bbfb92749f0d4733,
630d0f5a3abd4008afabfc91f44676bc,
c9573356c0134163ad54e4bfbb3d97d9,http://en.wikipedia.org/wiki/Thomas_H._Lee_Partners
7949cefcc56348df8dd7dafb4f3523a7,
8e236d77947f4f78a13728254c839eb2,http://en.wikipedia.org/wiki/James_Langevin
2a6c28856f1747559ce197954335b306,
1d8d9ba5140d45ca96e4f87da66f1d5c,
61d116900bb24285a28a87cb72af2e1e,
e578d1399c4040cfb2a949629a409c62,
dff04fbba0d84bf48b18da1c79f7a0ee,http://en.wikipedia.org/wiki/Goodman_Group
344034bb92a74f2ba22462ed4c9b4788,
32bce1c71ad9443d8661bd65076396fe,
f4f7d915c7194c28bc22824ff6ce0ec1,
e4ed51002edb4d87860969b9f1bc250d,
49c4ce25ec6047fba7ae794c1645cd1f,
94881634ba7040268e047ca3eed448f2,
0ab34cfdd16649459aeb208790fdd381,
f8411286c7b3483683f06851604fb06a,
f4b02caf0c84466bb53266b9ecbe960e,
9664f9b5447446e1b54e27ef8abdce2c,
a345a65cb68b47a28ac5cb909e69b9d8,
0538d8d7eeb04a348e01fb9a134a9a2d,http://en.wikipedia.org/wiki/Polly_Bukta
24b7da7cb1f440ea81299801d2775098,
bc41238d1a1a4f87973943c4029da509,
0b1f5083d4cc420caf5573bcc90add26,
297c9008eb6c4e678aa58e207ecf2ada,http://en.wikipedia.org/wiki/Rosemary_McAuliffe
43c32031802b42d5b667a46b5cf2b682,http://en.wikipedia.org/wiki/Computer_Sciences_Corporation
51c798dd32b8405594343c6934631133,
1fe83e40c505496bb00c7d7cdde0cf05,http://en.wikipedia.org/wiki/Morgan_Philpot
bd939be4475a4579a979d608cea7f062,
59da7ca3f34c409c9637ce4eb12b0f36,
0ef982d9d45442e68bb70fa9257e96a3,http://en.wikipedia.org/wiki/Pizza_Hut
62bb9aa14d744068a35a594087c0205b,
360ea037825542339a1db34b8b14a673,
35db9d1a63ce43b9801aa35b06581585,
1b9e152a53074a0e97b773859c5953f6,
ea2e4165bf8b42b3ab730a3bc5b4d290,
5795d38dd3924253969942b41cf913f7,
197f9f0f7e3545a0a4d3c6557ad6a1ff,
bc0f9926d7bb49bc8123c90519b3e80d,
b4f9f4311aa04038a188c46ee57121f3,
42e6d0f4d2a3478cbbf454c3b9fb5671,
b167a4d6aefd4a2fa398ba0240b56f57,
41d91c10ed914a0eb96f2f7b9a80b871,http://en.wikipedia.org/wiki/John_A._Olszewski%2C_Jr.
6d6cda750c8141e386e7b70784500e76,
61390d067805405e82ed2f4ff324d357,http://en.wikipedia.org/wiki/Arc_of_the_United_States
8c00122b91e34e7f888c37af703dc801,
b3f83cffc67147f8ba6bd6d3750c182a,
7dbd2d2298b84a2ab1f097c6b0125873,
798879d99bed450bb7e779cb3be20878,
64d187cfb4c14ff7bff7b68789919107,
aa3791ed966f4d07a7b07a10d03825c9,
62718d38eb8a4afdafe6ebb3e54ccc97,http://en.wikipedia.org/wiki/Frank_Gaul
0b0e16ab63e14ae88b616100030f2333,
e05fdfcb71b14999b905f1886125cd3a,
4c391f959cb643e691ee15b3fb903483,
88ed1549a5914a648ed8debfa7992fd5,http://en.wikipedia.org/wiki/William_R._Haine
0c408e42ab314f20814e94f917603206,
d36234bc720e497682b6eec1406a1e30,
0988d4a1644842a5afe95f50093d22ac,http://en.wikipedia.org/wiki/New_Mountain_Capital
78f5eb778387430598ff0563868175b4,
95afc454b20841329d8141aeb815ae1e,
a2ea455a56184831bd91864fa69243fc,http://en.wikipedia.org/wiki/Steele_Foundation
d982444332e0472685eb1a27e49b757c,
f8d5269bd07a4cf0af8976cc4de88789,
f9055ccfd8ab4907bce024f1f992ef8b,
f60f9a2d027b4299b621ef79360d3654,
aa508a1563284ed0aa667f4fadfd95b9,
537695449e754dd295e9d1c91562662a,http://en.wikipedia.org/wiki/International_Speedway_Corporation
30255b52ea6e4c8f8e4bc43224a78c97,
aa6e816e67fe40c78716138304da3843,
4dcf9265751c470980fda20c759e701f,http://en.wikipedia.org/wiki/Monarch_Beverage_Company
b7cc57f4bf5b4f5d8a7211b1ce0d6bfd,
51226276032d4aafb8ef2cd3646d456a,
75252e249a854e77b5fb7c4ccb7c7f8b,http://en.wikipedia.org/wiki/Massachusetts_Bay_Transportation_Authority
4baf7e8c8761429ba127d988777aeaa2,
d87839caf5a04790b2621563a9200434,
c10d4f7585284a94843218e3cc070a80,http://en.wikipedia.org/wiki/Bill_McChesney
16fa55783081457691ce4df2f784fdf4,
94b8319d698441868b348fa6ad8be456,
b4fe0636d7404794a6cfe0e69d95b7cf,
204ae6565bae4567a9f4a87733c7813b,
86c3fd02a7d94f08a3aa354943b4cd6f,
bdbf27bc84af46c2b40cc84a30082bc6,
1e05fe7e00da4fb593e500666a0b719d,
6391a211788541d9a7375fc493f6708b,
f2b6bc354e8b4e83b2ba552d4dcb583b,
3a34218c1a7a4ade9102b0fa9b16c31d,
96b41704797f4bbbaf76526fe306163c,http://en.wikipedia.org/wiki/Alliance_of_Automobile_Manufacturers
7941228ce2cc46acb53fc985c98bb164,
a7e3bffc3c0240749f93618fb04b0de6,
7f3de16aa3414df78f7d86e1427c232f,
462c6b87714946c8bda372fb771e9549,
0ce43fe1368740db95ab7fefd0339d99,
8a3609de487245da98d18df7c59fe0ee,
b9e5c0a34c1541fea64a95f1eea8f000,
